{
  "BLR-CMB": 14341.346173549999,
  "MAA-CMB": 10931.992999999999,
  "CCU-CAN": 26016.999999999996
}