{
  "BLR-CMB": 14341.346173549999,
  "MAA-CMB": 10802.989999999998,
  "CCU-CAN": 26016.999999999996
}