{
  "BLR-CMB": 14238.574849999997,
  "MAA-CMB": 10370.0,
  "CCU-CAN": 26016.999999999996
}