{
  "BLR-CMB": 14341.346173549999,
  "MAA-CMB": 11160.7282193,
  "CCU-CAN": 26016.999999999996,
  "MAA-DPS": 20349.0
}