{
  "BLR-CMB": 14437.381307380387,
  "MAA-CMB": 10469.696785333488,
  "CCU-CAN": 26016.999999999996,
  "MAA-DPS": 20714.793749999997
}