{
  "BLR-CMB": 14341.346173549999,
  "MAA-CMB": 10934.309753509999,
  "CCU-CAN": 26016.999999999996,
  "MAA-DPS": 20349.0
}