{
  "BLR-CMB": 14341.346173549999,
  "MAA-CMB": 11022.2951,
  "CCU-CAN": 26016.999999999996
}