{
  "BLR-CMB": 14318.351676499999,
  "MAA-CMB": 10370.0,
  "CCU-CAN": 26016.999999999996
}