{
  "BLR-CMB": 14171.535499999998,
  "MAA-CMB": 10370.0,
  "CCU-CAN": 26016.999999999996
}