{
  "BLR-CMB": 14394.719625039499,
  "MAA-CMB": 10676.091779219898,
  "CCU-CAN": 26016.999999999996,
  "MAA-DPS": 20349.0
}