{
  "BLR-CMB": 13938.949999999999,
  "MAA-CMB": 10370.0,
  "CCU-CAN": 26016.999999999996
}