{
  "BLR-CMB": 14433.687581971983,
  "MAA-CMB": 10487.566836190697,
  "CCU-CAN": 26016.999999999996,
  "MAA-DPS": 20649.5625
}