{
  "BLR-CMB": 14372.742321484999,
  "MAA-CMB": 10782.416827456998,
  "CCU-CAN": 26016.999999999996,
  "MAA-DPS": 20349.0
}