{
  "BLR-CMB": 14285.502394999998,
  "MAA-CMB": 10370.0,
  "CCU-CAN": 26016.999999999996
}