{
  "BLR-CMB": 14428.410831388548,
  "MAA-CMB": 10513.095480272425,
  "CCU-CAN": 26016.999999999996,
  "MAA-DPS": 20556.375
}