{
  "BLR-CMB": 14341.346173549999,
  "MAA-CMB": 10370.0,
  "CCU-CAN": 26016.999999999996
}