{
  "BLR-CMB": 14410.10373752765,
  "MAA-CMB": 10601.664245453929,
  "CCU-CAN": 26016.999999999996,
  "MAA-DPS": 20349.0
}