{
  "BLR-CMB": 14420.872616269353,
  "MAA-CMB": 10549.56497181775,
  "CCU-CAN": 26016.999999999996,
  "MAA-DPS": 20423.25
}